{"count":1,"self":142.634304,"total":159.710356,"children":{"InitializeActuators":{"count":24,"self":0.0010039,"total":0.0010039,"children":null},"InitializeSensors":{"count":24,"self":0.0039784,"total":0.0039784,"children":null},"AgentSendState":{"count":7470,"self":1.9776132,"total":2.2407098999999997,"children":{"CollectObservations":{"count":35856,"self":0.1448707,"total":0.1448707,"children":null},"WriteActionMask":{"count":35856,"self":0.024497699999999997,"total":0.024497699999999997,"children":null},"RequestDecision":{"count":35856,"self":0.0937282,"total":0.0937282,"children":null}}},"DecideAction":{"count":7470,"self":13.688668799999999,"total":13.9337577,"children":{"RayPerceptionSensor.Perceive":{"count":71712,"self":0.24508809999999998,"total":0.24508809999999998,"children":null}}},"AgentAct":{"count":7470,"self":0.8955989,"total":0.8955989,"children":null}},"gauges":{"KartAgent.CumulativeReward":{"count":1493,"max":-0.9944077,"min":-175.371674,"runningAverage":-110.875549,"value":-99.97949,"weightedAverage":-98.28586}},"metadata":{"timer_format_version":"0.1.0","start_time_seconds":"1760717860","unity_version":"2022.3.12f1","command_line_arguments":"C:\\Program Files\\Unity\\Hub\\Editor\\2022.3.12f1\\Editor\\Unity.exe","communication_protocol_version":"1.5.0","com.unity.ml-agents_version":"2.0.1","scene_name":"SampleScene","end_time_seconds":"1760718019"}}